,Unnamed: 0,No,page,nick,time,content,area,ip,length,against,agree,channel,hot,level,login_type,media_type,mid,stamp,time_ymd,time_mdh,cmntcount
0,0,1,1,旗鼓惊东强,2018-08-31 16:00:05,故伎重演的很真实？,甘肃嘉峪关,42.93.252.191,9,1535702405,0,jc,0,0,0,0,5B88F583-2A5DFCBF-13CCA64B4-8F9-8A4,1535702405,2018-08-31,08-31 16,239
1,1,2,1,用户6105250918,2018-08-31 15:49:50,帮他们拖回去，实在不行，作为靶船炸了，赔他们几百块,浙江绍兴,220.189.227.186,25,1535701790,0,jc,0,0,0,0,5B88F31E-DCBDE3BA-16BE6BC66-8F9-834,1535701790,2018-08-31,08-31 15,238
2,2,3,1,网际刀客,2018-08-31 15:41:42,立刻派出以辽宁舰为首的航母编队携天鲸号挖泥船为首的造岛工程机械前往事发海域实施人道主义紧急救援行动。,河南许昌,222.89.165.152,50,1535701302,13,jc,0,0,0,0,5B88F136-DE59A598-A23B4A6F-8F9-8F1,1535701302,2018-08-31,08-31 15,237
3,3,4,1,天涯倦客,2018-08-31 15:39:06,哈哈，故伎重演！,山东青岛,123.234.40.218,8,1535701146,6,jc,0,0,0,0,5B88F099-7BEA28DA-56C6650F-8F9-88A,1535701146,2018-08-31,08-31 15,236
4,4,5,1,可爱东海大侠,2018-08-31 15:38:24,故技重演，要防止又一次坐滩，耐着不走。应迅速派军舰过去帮忙，或者派拖船过去，免费帮他拖回港口。,浙江台州,122.226.183.81,47,1535701104,12,jc,0,0,0,0,5B88F070-7AE2B751-537942A1-8F9-904,1535701104,2018-08-31,08-31 15,235
5,5,6,1,韩工hn,2018-08-31 15:37:14,不会是又来一套吧,浙江嘉兴,122.225.48.130,8,1535701034,0,jc,0,0,0,0,5B88F02A-7AE13082-539CC031-8F9-81E,1535701034,2018-08-31,08-31 15,234
6,6,7,1,美帝是纸老虎1,2018-08-31 15:36:33,限期三天拖走，不拖走直接炸沉！,湖北襄阳,121.63.163.50,15,1535700993,0,jc,0,0,0,0,5B88F000-793FA332-4D34ABE0-8F9-94E,1535700993,2018-08-31,08-31 15,233
7,7,8,1,快乐三步曲,2018-08-31 15:36:04,拖啥拖，直接炸了,江西,117.136.60.215,8,1535700964,0,jc,0,0,0,0,5B88EFE4-75883CD7-B8B2491E-8F9-887,1535700964,2018-08-31,08-31 15,232
8,8,9,1,用户5528493761,2018-08-31 15:35:24,既然进入了我们的领海怎么能让它拿回去，派拖船拖回来没收了！,浙江杭州,36.23.214.244,29,1535700924,13,jc,0,0,0,0,5B88EFBC-2417D6F4-149861EC1-8F9-8F9,1535700924,2018-08-31,08-31 15,231
9,9,10,1,用户6489269322,2018-08-31 15:34:32,故技重演，中国应与 菲律宾沟通，叫菲律宾把船拉回去，如不然，中国应派军舰帮忙菲律宾把这破船送回菲律宾。,上海,116.228.178.66,51,1535700872,11,jc,0,0,0,0,5B88EF88-74E4B242-182CA644A-8F9-9A3,1535700872,2018-08-31,08-31 15,230
10,10,11,1,爱卿啊寡人有槽要吐,2018-08-31 15:32:57,又要坐滩了,上海,203.156.222.32,5,1535700777,10,jc,0,0,0,0,5B88EF29-CB9CDE20-618902D6-8F9-8F6,1535700777,2018-08-31,08-31 15,229
11,11,12,1,一粒阳光一粒米儿,2018-08-31 15:32:51,又来碰瓷啊，是不是有想做滩不走了，真是那样我当破烂给收了,山东东营,221.2.241.209,28,1535700771,0,jc,0,0,0,0,5B88EF23-DD02F1D1-176B92173-8F9-80C,1535700771,2018-08-31,08-31 15,228
12,12,13,1,尚关涛,2018-08-31 15:30:35,一艘舰，换一座岛礁，值了,河北廊坊,124.238.220.111,12,1535700635,3,jc,0,0,0,0,5B88EE9B-7CEEDC6F-4C1F46DD-8F9-8F6,1535700635,2018-08-31,08-31 15,227
13,13,14,1,Chinlao,2018-08-31 15:30:20,中国也不妨弄几条破舰去“搁浅”,湖南湘西土家族苗族自治州,111.8.191.239,15,1535700620,3,jc,0,0,0,0,5B88EE8B-6F08BFEF-451C391C-8F9-87F,1535700620,2018-08-31,08-31 15,226
14,14,15,1,念兮wl,2018-08-31 15:29:19,但愿不要像仁爱礁那搜破船换一样,浙江宁波,36.22.54.218,15,1535700559,0,jc,0,0,0,0,5B88EE4E-241636DA-150357808-8F9-97E,1535700559,2018-08-31,08-31 15,225
15,15,16,1,白晕鹤,2018-08-31 15:29:17,派拖船救援,湖北武汉,119.97.240.247,5,1535700556,1,jc,0,0,0,0,5B88EE4B-7761F0F7-69CF5A44-8F9-87D,1535700557,2018-08-31,08-31 15,224
16,16,17,1,随行,2018-08-31 15:28:50,问题是怎么会靠的那么近？在我们宣称固有领土的12海之内还是之外？搁浅了，那一定是之内咯，这好像有点太友好了吧？况，仁爱礁坐滩的那艘破船还没有拖走，呵呵，有点接受不了了！,上海,114.92.168.85,84,1535700530,3,jc,0,0,4,0,5B88EE32-725CA855-594E0DE13C437AD5-8F9-8F9,1535700530,2018-08-31,08-31 15,223
17,17,18,1,尚关涛,2018-08-31 15:28:38,故技重演,河北廊坊,124.238.220.111,4,1535700518,1,jc,0,0,0,0,5B88EE25-7CEEDC6F-4C1F46DD-8F9-8DA,1535700518,2018-08-31,08-31 15,222
18,18,19,1,有为青年放飞梦想-53719,2018-08-31 15:28:04,不会是又不走了吧,北京,123.122.204.57,8,1535700484,0,jc,0,0,0,0,5B88EE04-7B7ACC39-140A57142-8F9-94B,1535700484,2018-08-31,08-31 15,221
19,19,20,1,无相于心,2018-08-31 15:27:48,就看解放军敢不敢把他们的船拖走了，可以发扬爱国主义精神帮他们免费修船啊,河南,117.136.104.137,35,1535700468,2,jc,0,0,0,0,5B88EDF4-75886889-183EF2638-8F9-9A7,1535700468,2018-08-31,08-31 15,220
20,20,21,2,dnhjjss,2018-08-31 15:27:11,我们要求当局出于人道主义立即派遣救援船只前往救援。。。,上海,101.90.127.226,27,1535700431,0,jc,0,0,0,0,5B88EDCF-655A7FE2-159F116F9-8F9-88D,1535700431,2018-08-31,08-31 15,219
21,21,22,2,仁术度人,2018-08-31 15:26:44,脱离！警惕故伎重演！,四川德阳,125.68.87.242,10,1535700404,0,jc,0,0,0,0,5B88EDB3-7D4457F2-6503DAB9-8F9-926,1535700404,2018-08-31,08-31 15,218
22,22,23,2,幸运的weixingbj,2018-08-31 15:25:54,把两条破船一起拖走！,北京,106.2.227.47,10,1535700354,0,jc,0,0,0,0,5B88ED81-6A02E32F-56C8564E-8F9-9C9,1535700354,2018-08-31,08-31 15,217
23,23,24,2,太阳城来特使,2018-08-31 15:25:48,"中国应该派船去将其拖走,以防前车之鉴.",湖北宜昌,219.139.44.253,19,1535700348,0,jc,0,0,0,0,5B88ED7B-DB8B2CFD-4024A688-8F9-AF6,1535700348,2018-08-31,08-31 15,216
24,24,25,2,y爱心老兵,2018-08-31 15:24:56,搁浅已经 不是第一次了 警惕,河南洛阳,1.193.144.159,14,1535700295,0,jc,0,0,0,0,5B88ED47-1C1909F-99823B85-8F9-92A,1535700296,2018-08-31,08-31 15,215
25,25,26,2,炎黄子孙9501_796,2018-08-31 15:23:43,本人认为，杜特尔特政府不需要美军帮助，而菲军急切需要美军帮助。所以，菲军会不择手段地为美军再次介入南海而制造借口!,广西,223.104.90.61,57,1535700223,0,jc,0,0,0,0,5B88ECFE-DF685A3D-6B78238D-8F9-8F0,1535700223,2018-08-31,08-31 15,214
26,26,27,2,用户5393166769,2018-08-31 15:21:39,找到窍门了，这下又可以赖上几十年。,北京,111.201.145.48,17,1535700099,0,jc,0,0,0,0,5B88EC83-6FC99130-1417531B1-8F9-815,1535700099,2018-08-31,08-31 15,213
27,27,28,2,巨龙G,2018-08-31 15:20:23,警惕古技重演，限它一周内拖走，不然就当靶船炸毁 ！,江苏南通,58.221.238.88,25,1535700023,0,jc,0,0,0,0,5B88EC36-3ADDEE58-70D18EC5-8F9-8C6,1535700023,2018-08-31,08-31 15,212
28,28,29,2,怡情雅趣之祖,2018-08-31 15:20:01,不会是故意的吧？,山东枣庄,218.201.151.171,8,1535700001,0,jc,0,0,0,0,5B88EC21-DAC997AB-40D3EE2A-8F9-989,1535700001,2018-08-31,08-31 15,211
29,29,30,2,南面傍晚有云,2018-08-31 15:19:57,坚决拖出去，托不出去就分拆切割也要扔出去。决不能有任何犹豫。,湖南株洲,36.157.152.53,30,1535699997,9,jc,0,0,0,0,5B88EC1C-249D9835-187FA9A49-8F9-8FD,1535699997,2018-08-31,08-31 15,210
30,30,31,2,锅児是铁打的,2018-08-31 15:18:16,套路很熟悉啊,四川泸州,125.68.188.13,6,1535699896,13,jc,0,0,0,0,5B88EBB7-7D44BC0D-678C30A9-8F9-94A,1535699896,2018-08-31,08-31 15,209
31,31,32,2,用户5463766222,2018-08-31 15:17:48,在投资不巨太的科研基础理论研究是不会陷入军备竞赛和科技竞赛拖累经济的，其次美国已发射离太阳球表面六百万公里轨道的太阳近距人造航天探测器卫星，如果该卫星仅携带十米长的锥形太阳正离子偏转收集电磁聚焦定向喷出百倍太阳表靣密度的正粒子的效果，定向照射其他国家的航天器可能有损伤效果。此外能智能跟踪目标的激光定向光束照射击穿武器具有碾压以卫星制导战斗机和巡航导弹的信息化战争无线电磁波数据链精确打击的优势，但攻击激光束继续能量增大的技术研发进程缓慢，如果激光光束加足够密度的伽玛射线粒子束叠加定向发射攻击目标可能会增加威力。还一点伽马粒子加激光束的对撞机的技术可以为研发无污染的燃料氦三核聚变的核动力发动机作科学技术积累和铺垫，核聚变定向喷的冲击波的核动力发动机可能比二十倍音速的超声速火箭发动机还要快上几十倍速度，这样的发动机对中国提出的太空丝绸之路经济带的银河系内无数个太阳系的行星之间商业贸易形成开端,江西吉安,106.5.31.195,398,1535699867,0,jc,0,0,0,0,5B88EB9B-6A051FC3-145AA74CE-8F9-7D1,1535699868,2018-08-31,08-31 15,208
32,32,33,2,用户5463766222,2018-08-31 15:17:19,如果制造第二个仁爱礁事件，中国将很难维权南海领海领土主权完整利益及国家尊严,江西吉安,106.5.31.195,37,1535699839,5,jc,0,0,0,0,5B88EB7E-6A051FC3-145AA74CE-8F9-8CA,1535699839,2018-08-31,08-31 15,207
33,33,34,2,农夫-山泉-有点儿-田,2018-08-31 15:16:59,不会是故技重施吧？,北京,1.202.253.182,9,1535699819,0,jc,0,0,0,0,5B88EB6B-1CAFDB6-483BA4D4-8F9-8DC,1535699819,2018-08-31,08-31 15,206
34,34,35,2,wolfwoo,2018-08-31 15:15:14,嘴到,福建福州,61.154.12.142,2,1535699714,2,jc,0,0,0,0,5B88EB01-3D9A0C8E-5B107CF7-8F9-94C,1535699714,2018-08-31,08-31 15,205
35,35,36,2,小草息息,2018-08-31 15:14:36,中菲关系是友好的，如果菲律宾没有能力，中国可以尽快主动帮忙解决。毕竟，军舰还曾经是美国的战舰搁浅不是什么有脸面的事情。,北京,114.243.219.155,59,1535699676,1,jc,0,0,0,0,5B88EADC-72F3DB9B-413945D1-8F9-869,1535699676,2018-08-31,08-31 15,204
36,36,37,2,用户6307999567,2018-08-31 15:13:58,不是碰瓷，它于菲佣如16舰于我兔海军，海军啊！真心要一百年，甲午以来我海再度成军，长风破浪会有时。历史的考卷进入当夏，人民海军能否给14亿国人一份满意的答卷,广西,117.136.98.196,78,1535699638,0,jc,0,0,0,0,5B88EAB6-758862C4-177FC6F4F-8F9-91C,1535699638,2018-08-31,08-31 15,203
37,37,38,2,用户6571782791,2018-08-31 15:13:43,又要来事了半月礁又要被别人占领了。,浙江嘉兴,122.238.189.42,17,1535699623,3,jc,0,0,0,0,5B88EAA7-7AEEBD2A-187B57287-8F9-8BF,1535699623,2018-08-31,08-31 15,202
38,38,39,2,钝修顿悟,2018-08-31 15:12:05,是不是又玩搁浅占地的老把戏？,辽宁沈阳,119.108.146.97,14,1535699525,0,jc,0,0,0,0,5B88EA45-776C9261-B2A80D6A-8F9-7FB,1535699525,2018-08-31,08-31 15,201
39,39,40,2,用户5470353177,2018-08-31 15:11:24,帮忙拖走，弄烂它,四川成都,182.150.149.46,8,1535699484,10,jc,0,0,0,0,5B88EA1C-B696952E-1460EF719-8F9-9AE,1535699484,2018-08-31,08-31 15,200
40,40,41,3,用户5535536895,2018-08-31 15:10:48,需高度警惕,四川绵阳,221.236.56.70,5,1535699448,11,jc,0,0,0,0,5B88E9F7-DDEC3846-149F196FF-8F9-8E7,1535699448,2018-08-31,08-31 15,199
41,41,42,3,zhouxuxiu,2018-08-31 15:05:30,要防止又一次坐滩，耐着不走。应迅速派军舰过去帮忙，或者派拖船过去，免费帮他拖回港口。,广东惠州,59.39.129.135,42,1535699130,21,jc,0,0,0,0,5B88E8BA-3B278187-3D23EDA9-8F9-87E,1535699130,2018-08-31,08-31 15,198
42,42,43,3,无碍的图片,2018-08-31 15:05:06,请三沙市所有在附近的渔船马上赶赴现场，回收破铜烂铁！,山东烟台,222.173.218.46,26,1535699106,15,jc,0,0,0,0,5B88E8A2-DEADDA2E-493D3CE2-8F9-8A0,1535699106,2018-08-31,08-31 15,197
43,43,44,3,zhouxuxiu,2018-08-31 15:04:20,要防止又一次坐滩，耐着不走。,广东惠州,59.39.129.135,14,1535699060,16,jc,0,0,0,0,5B88E873-3B278187-3D23EDA9-8F9-8A8,1535699060,2018-08-31,08-31 15,196
44,44,45,3,M_i_k_e_,2018-08-31 15:03:02,故技重施,美国纽约州,107.77.70.110,4,1535698982,3,jc,0,0,1,0,5B88E826-6B4D466E-7CD7C787-8F9-899,1535698982,2018-08-31,08-31 15,195
45,45,46,3,事实胜于狡辩2017,2018-08-31 15:02:23,不是接替旧的，这次是新的礁盘,广东广州,113.105.10.43,14,1535698943,3,jc,0,0,0,0,5B88E7FE-71690A2B-17C4412A3-8F9-879,1535698943,2018-08-31,08-31 15,194
46,46,47,3,御润苑,2018-08-31 15:01:10,限三日内撤走，否则后果自负！！！,山东聊城,182.46.164.123,16,1535698870,6,jc,0,0,0,0,5B88E7B6-B62EA47B-B58E84A1-8F9-868,1535698870,2018-08-31,08-31 15,193
47,47,48,3,炎黄子孙9501_796,2018-08-31 15:01:05,清注意:这艘菲军舰不是一般事故的搁浅，而是狠命地搁浅，菲军有制造中菲间隙的嫌疑!,广西,223.104.90.61,40,1535698865,7,jc,0,0,0,0,5B88E7B1-DF685A3D-6B78238D-8F9-8FB,1535698865,2018-08-31,08-31 15,192
48,48,49,3,事实胜于狡辩2017,2018-08-31 14:59:12,菲律宾军方有些亲美分子在美国暗中操纵下的行为，未必经过总统同意。,广东广州,113.105.10.43,32,1535698752,2,jc,0,0,0,0,5B88E73F-71690A2B-17C4412A3-8F9-8EE,1535698752,2018-08-31,08-31 14,191
49,49,50,3,轻舟帆飞,2018-08-31 14:58:59,不能让船长时间留在那里。商业方法处理，派救援船，按规定收费。,浙江杭州,218.0.209.13,30,1535698739,3,jc,0,0,0,0,5B88E733-DA00D10D-ABE99C87-8F9-817,1535698739,2018-08-31,08-31 14,190
50,50,51,3,扶阳散人13864,2018-08-31 14:57:07,难道又要故伎重演,云南昆明,116.52.12.26,8,1535698627,2,jc,0,0,0,0,5B88E6C3-74340C1A-166A227A5-8F9-8E7,1535698627,2018-08-31,08-31 14,189
51,51,52,3,胖子9888,2018-08-31 14:56:37,又搁浅一艘，之前那艘怎样了？,河北保定,219.148.136.123,14,1535698597,4,jc,0,0,0,0,5B88E6A5-DB94887B-4EA61B25-8F9-879,1535698597,2018-08-31,08-31 14,188
52,52,53,3,laoshu1976,2018-08-31 14:55:17,这回恐怕不会搁浅，毕竟是菲律宾最先进的军舰，用这船用来坐底那恐怕得不偿失,辽宁大连,123.185.78.129,36,1535698517,1,jc,0,0,0,0,5B88E655-7BB94E81-47CD05EA-8F9-8C5,1535698517,2018-08-31,08-31 14,187
53,53,54,3,阿春哥777,2018-08-31 14:49:43,会不会又在故伎重演、耍小聪明？中国海军可不能掉以轻心！,湖南株洲,119.39.130.137,27,1535698183,9,jc,0,0,0,0,5B88E508-77278289-44F8EC78-8F9-8B8,1535698183,2018-08-31,08-31 14,186
54,54,55,3,黑娃1962,2018-08-31 14:49:38,阴魔,重庆,218.201.82.175,2,1535698178,0,jc,0,0,0,0,5B88E502-DAC952AF-17EC020E0-8F9-89A,1535698178,2018-08-31,08-31 14,185
55,55,56,3,男小眼睛,2018-08-31 14:49:32,当初那艘破运输舰也不小吧,北京海淀,223.21.80.111,12,1535698172,3,jc,0,0,0,0,5B88E4FC-DF15506F-679BEDA0-8F9-835,1535698172,2018-08-31,08-31 14,184
56,56,57,3,杜春生v,2018-08-31 14:47:58,故伎重演,浙江,112.17.245.61,4,1535698078,0,jc,0,0,0,0,5B88E49D-7011F53D-64388754-8F9-759,1535698078,2018-08-31,08-31 14,183
57,57,58,3,Nice_Vice_Rice,2018-08-31 14:41:29,再观察一下吧，还是不要对他们的水平给予过高评价。。,北京,106.121.77.244,25,1535697689,12,jc,0,0,0,0,5B88E319-6A794DF4-3FB5B77D-8F9-908,1535697689,2018-08-31,08-31 14,182
58,58,59,3,没什么76,2018-08-31 14:39:39,套路似乎很熟悉。,浙江杭州,60.191.111.67,8,1535697579,9,jc,0,0,0,0,5B88E2AB-3CBF6F43-5D2AC90B-8F9-910,1535697579,2018-08-31,08-31 14,181
59,59,60,3,寒江雪1503973775,2018-08-31 14:38:12,呵呵,山东济南,60.216.200.105,2,1535697492,1,jc,0,0,0,0,5B88E254-3CD8C869-59A4D18F-8F9-7D7,1535697492,2018-08-31,08-31 14,180
60,60,61,4,遥远的星空,2018-08-31 14:37:54,美国人给的二手货，给他的目的就是去搁浅也说不定。本来就是快要报废的东西。,浙江宁波,61.164.73.118,36,1535697474,70,jc,0,0,0,0,5B88E242-3DA44976-4C673CD8-8F9-922,1535697474,2018-08-31,08-31 14,179
61,61,62,4,甘的人工智能工具软件工作室,2018-08-31 14:34:32,这是军事入侵！应该击沉！,河北秦皇岛,101.75.161.98,12,1535697272,36,jc,0,0,0,0,5B88E178-654BA162-65816D43-8F9-91C,1535697272,2018-08-31,08-31 14,178
62,62,63,4,金诚挚友,2018-08-31 14:34:26,故伎重演啊！坚决拖走!,浙江丽水,220.191.252.52,11,1535697266,21,jc,0,0,0,0,5B88E171-DCBFFC34-881CA65E-8F9-8F3,1535697266,2018-08-31,08-31 14,177
63,63,64,4,xiaofeng迷梦,2018-08-31 14:33:23,上次是五方礁，着次是半月礁，菲律宾狼子野心,陕西西安,1.81.79.210,21,1535697203,24,jc,0,0,0,0,5B88E133-1514FD2-A1CDCF20-8F9-8AB,1535697203,2018-08-31,08-31 14,176
64,64,65,4,camdw,2018-08-31 14:32:35,又来碰瓷了,陕西西安,113.132.169.212,5,1535697155,4,jc,0,0,0,0,5B88E104-7184A9D4-E9FCD7AD-8F9-82B,1535697155,2018-08-31,08-31 14,175
65,65,66,4,寻找回忆里的你6,2018-08-31 14:28:56,小心啊，又来碰瓷了,天津,223.104.7.8,9,1535696936,6,jc,0,0,0,0,5B88E028-DF680708-138C8D2FE-8F9-8C6,1535696936,2018-08-31,08-31 14,174
66,66,67,4,SZ_YLY,2018-08-31 14:27:57,中国应该主动救援，并护送其回国。,广东深圳,27.38.20.222,16,1535696877,5,jc,0,0,0,0,5B88DFED-1B2614DE-6124D697-8F9-8CD,1535696877,2018-08-31,08-31 14,173
67,67,68,4,jianfeng411,2018-08-31 14:26:58,搁浅这个套路看起来很好用,广东深圳,117.136.41.126,12,1535696818,8,jc,0,0,0,0,5B88DFAD-7588297E-188611A17-8F9-8CF,1535696818,2018-08-31,08-31 14,172
68,68,69,4,TEKKYHUANG,2018-08-31 14:26:42,小心故技重施,广东韶关,183.1.90.224,6,1535696801,0,jc,0,0,0,0,5B88DFA1-B7015AE0-447DFE79-8F9-921,1535696802,2018-08-31,08-31 14,171
69,69,70,4,ICE171,2018-08-31 14:26:22,丫要找死，咱就成全丫的！犯我中华者，无论哪路牛鬼蛇神蝇，一律斩杀之，绝不能手软！！！,湖南永州,36.157.128.232,42,1535696782,3,jc,0,0,0,0,5B88DF8D-249D80E8-450731CD-8F9-8C5,1535696782,2018-08-31,08-31 14,170
70,70,71,4,用户3650619102,2018-08-31 14:24:48,莫不是故意而为之，一定要警惕重蹈覆辙。,江苏扬州,117.91.56.72,19,1535696688,3,jc,0,0,0,0,5B88DF30-755B3848-D99806DE-8F9-8F8,1535696688,2018-08-31,08-31 14,169
71,71,72,4,为梦想领跑2017,2018-08-31 14:24:34,又来这一招,广西南宁,171.104.30.253,5,1535696674,1,jc,0,0,0,0,5B88DF21-AB681EFD-1312E08E0-8F9-874,1535696674,2018-08-31,08-31 14,168
72,72,73,4,newssun观海听涛,2018-08-31 14:23:54,这个套路很熟悉,上海,140.207.74.250,7,1535696634,1,jc,0,0,0,0,5B88DEFA-8CCF4AFA-5417451A-8F9-95F,1535696634,2018-08-31,08-31 14,167
73,73,74,4,大挹精英,2018-08-31 14:23:46,我来告诉你们菲律宾这样做的真实目的，菲最大的军舰搁浅半月礁，告诉国际社会，我不是故意的，我不会拿我的军舰长期坐滩在这里，但是我军舰毕竟是开到这了，那这个半月礁的归属……,黑龙江双鸭山,122.158.248.126,84,1535696626,5,jc,0,0,0,0,5B88DEF2-7A9EF87E-7553B5E7-8F9-884,1535696626,2018-08-31,08-31 14,166
74,74,75,4,风门山,2018-08-31 14:23:10,我们为可以在旁边坐滩上一条船，我们的旧船多的是。,广西南宁,210.36.46.246,24,1535696590,1,jc,0,0,1,0,5B88DECE-D2242EF6-15E711ECE-8F9-985,1535696590,2018-08-31,08-31 14,165
75,75,76,4,扬帆起航与你一路同行,2018-08-31 14:22:20,搁浅搁上瘾了[挖鼻屎],广东,117.136.79.44,11,1535696540,0,jc,0,0,0,0,5B88DE9C-75884F2C-6ADCA335-8F9-880,1535696540,2018-08-31,08-31 14,164
76,76,77,4,风门山,2018-08-31 14:20:29,明显是有预谋的冲滩，接替将要锈烂的旧船，用一条二手船坐滩太合算了，又可以坚持二三十年了，防不胜防！,广西南宁,210.36.46.246,49,1535696429,8,jc,0,0,1,0,5B88DE2D-D2242EF6-15E711ECE-8F9-8E7,1535696429,2018-08-31,08-31 14,163
77,77,78,4,用户133****6333,2018-08-31 14:20:12,话说的有点意思,上海,114.93.251.166,7,1535696412,2,jc,0,0,2,0,5B88DE1C-725DFBA6-59070252DBC0A811-8F9-8EC,1535696412,2018-08-31,08-31 14,162
78,78,79,4,春风湖柳,2018-08-31 14:18:36,是不是又要故伎重演啊？,福建福州,61.241.216.142,11,1535696316,8,jc,0,0,0,0,5B88DDBC-3DF1D88E-51B029C2-8F9-A3D,1535696316,2018-08-31,08-31 14,161
79,79,80,4,夕阳看海,2018-08-31 14:18:23,可能还真的被说中是坐滩阴谋也不一定呢,江苏苏州,121.238.169.61,18,1535696303,0,jc,0,0,0,0,5B88DDAF-79EEA93D-60E1D297-8F9-916,1535696303,2018-08-31,08-31 14,160
80,80,81,5,大挹精英,2018-08-31 14:17:10,明知道那附近都是礁石，还偏向那航行，你敢说不是故意的？,黑龙江双鸭山,122.158.248.126,27,1535696230,192,jc,0,0,0,0,5B88DD66-7A9EF87E-7553B5E7-8F9-8E3,1535696230,2018-08-31,08-31 14,159
81,81,82,5,西边日出V,2018-08-31 14:16:43,等涨潮吧[允悲][允悲][允悲],上海,180.158.78.77,16,1535696203,0,jc,0,0,0,0,5B88DD49-B49E4E4D-899D5FD0-8F9-972,1535696203,2018-08-31,08-31 14,158
82,82,83,5,用户5593573569,2018-08-31 14:16:41,这个船作为菲律宾最大的军舰菲律宾还是舍不得拿它沉礁的，我们的053护卫舰去年也曾搁浅过，正常事故而已。,广东广州,14.152.69.40,51,1535696201,4,jc,0,0,0,0,5B88DD49-E984528-14D6728C1-8F9-87F,1535696201,2018-08-31,08-31 14,157
83,83,84,5,shdshlmwx,2018-08-31 14:15:15,关注！,山东东营,58.57.148.241,3,1535696115,1,jc,0,0,0,0,5B88DCF2-3A3994F1-61E33FB7-8F9-944,1535696115,2018-08-31,08-31 14,156
84,84,85,5,SHANGLIANGLEZAIAI,2018-08-31 14:12:53,坐滩？又一钉子户？,广西南宁,116.1.243.209,9,1535695973,2,jc,0,0,0,0,5B88DC64-7401F3D1-6303136F-8F9-8D6,1535695973,2018-08-31,08-31 14,155
85,85,86,5,小豆豆的杂货铺,2018-08-31 14:12:44,赶紧的，中国免费帮你拖回家,福建福州,140.243.239.255,13,1535695964,3,jc,0,0,0,0,5B88DC5B-8CF3EFFF-59E2E992-8F9-851,1535695964,2018-08-31,08-31 14,154
86,86,87,5,笑看人生888888_96252,2018-08-31 14:11:25,等着，解放军在南海有救援力量，解放军回来救你们的,江苏无锡,49.66.98.240,24,1535695885,14,jc,0,0,0,0,5B88DC0D-314262F0-18DAF2293-8F9-8A5,1535695885,2018-08-31,08-31 14,153
87,87,88,5,秋叶随风飘荡,2018-08-31 14:11:20,快速拖走，不走我们去拖。,重庆,222.179.93.26,12,1535695880,8,jc,0,0,0,0,5B88DC08-DEB35D1A-70B7B17A-8F9-915,1535695880,2018-08-31,08-31 14,152
88,88,89,5,用户153****0031,2018-08-31 14:10:20,又想来这一招长久搁浅，菲佣喜欢用这样的套路。,浙江杭州,36.23.101.3,22,1535695820,21,jc,0,0,2,0,5B88DBCC-24176503-58E41EA3DE832BFE-8F9-8D2,1535695820,2018-08-31,08-31 14,151
89,89,90,5,自信就是牛人,2018-08-31 14:07:48,又来这一套,重庆,123.147.199.132,5,1535695668,4,jc,0,0,0,0,5B88DB33-7B93C784-439BE899-8F9-7E6,1535695668,2018-08-31,08-31 14,150
90,90,91,5,用户6307999567,2018-08-31 14:05:24,我兔在南沙有绝对的水文，气象卫星，电磁通讯优势，此为天时，岛礁基本填好，此为地利。南部战区兵强马壮此为人和。最重要的是领袖意志坚定，国家悍卫决心。菲佣玩不了这3000吨的大船，有海图吗？军用那种。听说还想买潜艇，还不知道操的了吗？不要搞个永久坐沉海床贻笑大方了,广西,117.136.98.196,130,1535695524,4,jc,0,0,0,0,5B88DAA4-758862C4-177FC6F4F-8F9-84E,1535695524,2018-08-31,08-31 14,149
91,91,92,5,随风飘扬的影子,2018-08-31 14:04:09,各种救援船，各种专家赶紧派过去,北京,106.39.190.63,15,1535695449,2,jc,0,0,0,0,5B88DA59-6A27BE3F-6BB4DA4B-8F9-8C6,1535695449,2018-08-31,08-31 14,148
92,92,93,5,理性讲堂,2018-08-31 14:02:56,菲律宾的惯用伎俩,浙江金华,61.130.148.90,8,1535695376,4,jc,0,0,0,0,5B88DA10-3D82945A-9E1D4A19-8F9-8E5,1535695376,2018-08-31,08-31 14,147
93,93,94,5,孤独老谢,2018-08-31 14:01:56,如果不是故意，也只能说明这艘菲律宾军舰的军人素质实在不咋地，战时不用敌人一枪一炮自己就先废了自己武功,湖南娄底,175.14.25.189,50,1535695316,4,jc,0,0,0,0,5B88D9D3-AF0E19BD-1311B13FF-8F9-876,1535695316,2018-08-31,08-31 14,146
94,94,95,5,小琳102600,2018-08-31 14:01:44,炸沉了它！不能成为外国对中国屡试屡爽的手段，中国应当有原则性，对侵犯中国领海和岛屿的武装舰船，没有任何理让外国任期倒腾，中国海军必须限期拖走，过期不走者必须击沉它！否则这类事件还会再次重演。,四川成都,182.150.132.216,95,1535695304,7,jc,0,0,0,0,5B88D9C7-B69684D8-69D5978D-8F9-8CE,1535695304,2018-08-31,08-31 14,145
95,95,96,5,亮U亮,2018-08-31 14:01:32,应该是拖走或炮轰[怒],广东梅州,219.132.130.232,11,1535695292,2,jc,0,0,0,0,5B88D9BB-DB8482E8-4E4117F4-8F9-958,1535695292,2018-08-31,08-31 14,144
96,96,97,5,上海淑男,2018-08-31 13:59:23,就目前的国际态势来看，菲律宾不至于敢和中国交战的胆识，他们很清楚一旦开战那么以前的旧账会统统清算，仁爱礁就更别提了，分分秒秒收回。再看看中国大造特造的055为的就是不让南海有关国家碰瓷，相信全世界都会敬畏的。,上海,58.35.141.142,104,1535695163,9,jc,0,0,0,0,5B88D93B-3A238D8E-3FFD7F9A-8F9-7DA,1535695163,2018-08-31,08-31 13,143
97,97,98,5,打火机,2018-08-31 13:59:05,直接拖走,广东深圳,113.108.45.101,4,1535695145,2,jc,0,0,0,0,5B88D928-716C2D65-5469EE96-8F9-9D2,1535695145,2018-08-31,08-31 13,142
98,98,99,5,飞天茅台811,2018-08-31 13:57:38,挺下本儿呀,山东青岛,112.224.69.160,5,1535695058,2,jc,0,0,0,0,5B88D8CF-70E045A0-179FCAF58-8F9-885,1535695058,2018-08-31,08-31 13,141
99,99,100,5,dyftm007,2018-08-31 13:57:13,恩，这个地方滩浅暗礁多，严重威胁了航行安全，我们作为一个负责的大国，有必要在此疏浚航道，建立灯塔航标等设施，以保障来往船只的安全，顺便填个岛，改善一下驻岛工作人员的生活条件，一遍更好地服务来往船只。,江苏常州,222.185.133.99,99,1535695033,11,jc,0,0,0,0,5B88D8B9-DEB98563-6F6644E2-8F9-87F,1535695033,2018-08-31,08-31 13,140
100,100,101,6,东晋王氏,2018-08-31 13:56:59,可见对这一带海域不熟悉，充分说明不是菲律宾的地盘。,上海,101.81.252.159,25,1535695019,4,jc,0,0,0,0,5B88D8AA-6551FC9F-75CE3555-8F9-8C9,1535695019,2018-08-31,08-31 13,139
101,101,102,6,用户6562119097,2018-08-31 13:56:25,故伎重演，加倍关注。,云南昆明,14.204.88.53,10,1535694985,1,jc,0,0,0,0,5B88D889-ECC5835-18721FDB9-8F9-814,1535694985,2018-08-31,08-31 13,138
102,102,103,6,wsyzld品茗_an5,2018-08-31 13:54:05,故伎重演！希望国家要警惕！！,河北廊坊,101.30.69.34,14,1535694845,3,jc,0,0,0,0,5B88D7FD-651E4522-573610EF-8F9-874,1535694845,2018-08-31,08-31 13,137
103,103,104,6,我家de大公子,2018-08-31 13:53:50,故技重施？拉倒吧，派渔民去捞回来,广东江门,14.117.99.212,16,1535694830,0,jc,0,0,0,0,5B88D7ED-E7563D4-6C9B253D-8F9-7D1,1535694830,2018-08-31,08-31 13,136
104,104,105,6,奋进18云游,2018-08-31 13:53:41,他们救不出来，咱帮他拖出来。不能让他再赖那里了,湖南株洲,119.39.130.109,23,1535694821,0,jc,0,0,0,0,5B88D7E2-7727826D-8C5786C2-8F9-93C,1535694821,2018-08-31,08-31 13,135
105,105,106,6,蓝山吴彦祖,2018-08-31 13:53:39,拉回来呗，现什么,广东,223.104.64.133,8,1535694819,0,jc,0,0,0,0,5B88D7E0-DF684085-78A818DF-8F9-923,1535694819,2018-08-31,08-31 13,134
106,106,107,6,把酒祝东风--共从容,2018-08-31 13:53:24,又是故意的。和上次一样。,广东深圳,101.105.36.166,12,1535694804,1,jc,0,0,0,0,5B88D7D4-656924A6-55233BDD-8F9-937,1535694804,2018-08-31,08-31 13,133
107,107,108,6,songwenbo,2018-08-31 13:52:08,菲佣真是聪明透顶呀，不得不服，这样的招数屡试不爽，真是一本万利，一艘军舰和一个巨大的礁盘，那个价值大，毫无疑问，是后者。,山东青岛,27.223.242.157,60,1535694728,3,jc,0,0,0,0,5B88D788-1BDFF29D-55219DEB-8F9-95A,1535694728,2018-08-31,08-31 13,132
108,108,109,6,用户6320992647,2018-08-31 13:51:50,又跑来挑事，耍赖拖延就地扣押，择日拍卖，这就是今后南海的行为准则。,北京海淀,124.205.171.130,33,1535694710,2,jc,0,0,0,0,5B88D776-7CCDAB82-178C2B187-8F9-8E5,1535694710,2018-08-31,08-31 13,131
109,109,110,6,画画算算再出门,2018-08-31 13:49:43,中国派出工程队救援，现场安装吊机，红十字救助站，生活设施。。。。终于救出菲律宾军舰。。。。。可惜，自身搁浅就没有人救得来。。。除非。。派出更多救助设施,福建厦门,183.253.7.171,75,1535694583,2,jc,0,0,0,0,5B88D6F7-B7FD07AB-412146D4-8F9-92C,1535694583,2018-08-31,08-31 13,130
110,110,111,6,leeoan123,2018-08-31 13:49:32,菲律宾人也玩帽子戏法[嘻嘻],陕西西安,124.115.231.26,14,1535694572,4,jc,0,0,0,0,5B88D6ED-7C73E71A-55DCFC46-8F9-8E4,1535694572,2018-08-31,08-31 13,129
111,111,112,6,用户5661848608,2018-08-31 13:47:26,坐滩？？？必须警惕！,广东惠州,125.93.54.237,10,1535694446,19,jc,0,0,0,0,5B88D66E-7D5D36ED-15178F420-8F9-8F6,1535694446,2018-08-31,08-31 13,128
112,112,113,6,zgzhxl,2018-08-31 13:47:24,不排除是故意的，毕竟有前科,广东深圳,219.133.46.145,13,1535694444,22,jc,0,0,0,0,5B88D66B-DB852E91-9456F3DF-8F9-90F,1535694444,2018-08-31,08-31 13,127
113,113,114,6,快活鱼,2018-08-31 13:47:04,故技重演,广东东莞,112.93.182.114,4,1535694424,12,jc,0,0,2,0,5B88D658-705DB672-58FE515CFCC154AD-8F9-8DA,1535694424,2018-08-31,08-31 13,126
114,114,115,6,股海百万,2018-08-31 13:47:00,别急，大哥来帮你！,广东深圳,220.112.15.153,9,1535694420,2,jc,0,0,0,0,5B88D654-DC700F99-14ADE84EB-8F9-920,1535694420,2018-08-31,08-31 13,125
115,115,116,6,心静梦远,2018-08-31 13:45:18,想赖着不走了[疑问],辽宁沈阳,175.168.191.81,10,1535694318,2,jc,0,0,0,0,5B88D5ED-AFA8BF51-1829398DA-8F9-9AD,1535694318,2018-08-31,08-31 13,124
116,116,117,6,修齐LT,2018-08-31 13:44:38,直接派拖船去施救！！,安徽合肥,61.191.19.34,10,1535694278,1,jc,0,0,0,0,5B88D5C6-3DBF1322-74F8C1D5-8F9-7DC,1535694278,2018-08-31,08-31 13,123
117,117,118,6,陈和1,2018-08-31 13:44:20,这次估计还真不是，哪有用自己最大的主力战舰玩搁浅的啊！,黑龙江哈尔滨,123.165.109.234,27,1535694260,80,jc,0,0,0,0,5B88D5B4-7BA56DEA-D12D64CF-8F9-8CE,1535694260,2018-08-31,08-31 13,122
118,118,119,6,江南樵夫56,2018-08-31 13:43:23,前面一艘停在那里多少年了，也没挨一颗枪子儿，不要说击沉了。,上海,116.232.58.219,29,1535694203,4,jc,0,0,0,0,5B88D57C-74E83ADB-55375F25-8F9-894,1535694203,2018-08-31,08-31 13,121
119,119,120,6,chengfuyi程,2018-08-31 13:43:17,是不 又想赖着不走了,北京,115.33.79.61,10,1535694197,2,jc,0,0,0,0,5B88D576-73214F3D-46738912-8F9-A33,1535694197,2018-08-31,08-31 13,120
120,120,121,7,那些狗儿花,2018-08-31 13:43:12,拖走,北京,202.108.86.2,2,1535694192,0,jc,0,0,0,0,5B88D571-CA6C5602-70C2CAA7-8F9-864,1535694192,2018-08-31,08-31 13,119
121,121,122,7,李侠13_422,2018-08-31 13:43:03,坐滩,山东,117.136.77.61,2,1535694182,2,jc,0,0,0,0,5B88D567-75884D3D-12D05D3DB-8F9-8D4,1535694183,2018-08-31,08-31 13,118
122,122,123,7,9192KKKKK,2018-08-31 13:37:08,派个潜艇一发鱼雷，一艘破船留给鱼当家吧。,重庆,223.104.250.32,20,1535693828,2,jc,0,0,1,0,5B88D403-DF68FA20-14D3C1ABB-8F9-99C,1535693828,2018-08-31,08-31 13,117
123,123,124,7,好人2170925997,2018-08-31 13:36:53,从中国领海经过，向中国通报了没有？如果没有，直接击沉。,河南郑州,115.60.63.168,27,1535693813,6,jc,0,0,0,0,5B88D3F6-733C3FA8-8165B3AD-8F9-8EB,1535693813,2018-08-31,08-31 13,116
124,124,125,7,馨哥700,2018-08-31 13:35:52,是不是要故戏重演啊？,上海,180.173.1.16,10,1535693752,13,jc,0,0,0,0,5B88D3B9-B4AD0110-8CD7F597-8F9-8B6,1535693752,2018-08-31,08-31 13,115
125,125,126,7,用户6536442141,2018-08-31 13:35:01,又来？击毁,湖南长沙,106.17.3.6,5,1535693701,4,jc,0,0,0,0,5B88D382-6A110306-1859A311D-8F9-7DE,1535693701,2018-08-31,08-31 13,114
126,126,127,7,红黄蓝绿宝石,2018-08-31 13:34:54,咋就这么巧呢？[抓狂]太欺负人啦！,河南平顶山,42.232.204.116,17,1535693694,7,jc,0,0,0,0,5B88D37E-2AE8CC74-13446253B-8F9-8B8,1535693694,2018-08-31,08-31 13,113
127,127,128,7,瓜崽仔,2018-08-31 13:33:48,还真肯下血本[哈哈],广东深圳,113.118.235.18,10,1535693628,0,jc,0,0,0,0,5B88D33C-7176EB12-572628C1-8F9-8BC,1535693628,2018-08-31,08-31 13,112
128,128,129,7,独来独往AkxH,2018-08-31 13:32:11,故意的，限3天弄走，不然直接击沉,广东深圳,14.116.142.139,16,1535693531,9,jc,0,0,0,0,5B88D2DB-E748E8B-AF83EE7F-8F9-90A,1535693531,2018-08-31,08-31 13,111
129,129,130,7,舜山南峰,2018-08-31 13:32:03,又一次搁浅？[哈哈][哈哈][哈哈][哈哈][哈哈][哈哈][哈哈][哈哈][哈哈][哈哈][哈哈][哈哈][哈哈][哈哈][哈哈][哈哈][哈哈][哈哈][哈哈][弱],河南郑州,115.60.138.176,85,1535693523,6,jc,0,0,0,0,5B88D2D3-733C8AB0-DAE13A25-8F9-876,1535693523,2018-08-31,08-31 13,110
130,130,131,7,俞先生_84439,2018-08-31 13:32:00,美国的烂货,浙江绍兴,113.214.211.58,5,1535693520,0,jc,0,0,0,0,5B88D2D0-71D6D33A-13A432C00-8F9-815,1535693520,2018-08-31,08-31 13,109
131,131,132,7,没创意就不起名,2018-08-31 13:31:30,几千吨的舰，为啥非要在靠近礁的地方走?你试试不管他，看他还会不会在那里坐滩?,山西,117.136.90.54,38,1535693490,0,jc,0,0,0,0,5B88D2B2-75885A36-C15A6636-8F9-88D,1535693490,2018-08-31,08-31 13,108
132,132,133,7,rmmndjdhahn,2018-08-31 13:31:13,这次是真的搁浅，这是他们最大最新的船,上海,101.81.192.240,18,1535693473,0,jc,0,0,0,0,5B88D2A1-6551C0F0-7D9F0E24-8F9-808,1535693473,2018-08-31,08-31 13,107
133,133,134,7,用户135****1444,2018-08-31 13:30:43,难道又是故计重施!打着隔浅的慌子!又要赖着不走!!!再后来隔浅的地盘又是他家的了???,安徽芜湖,36.63.149.57,43,1535693443,3,jc,0,0,2,0,5B88D283-243F9539-595860B55DD77A5D-8F9-886,1535693443,2018-08-31,08-31 13,106
134,134,135,7,用户0v8e1w3cbp,2018-08-31 13:29:16,海警和海军舰艇触动帮助菲方尽早把搁浅的舰艇拖到菲律宾港口区，以防改过故伎重演。,河北邯郸,106.119.67.68,39,1535693356,5,jc,0,0,0,0,5B88D22C-6A774344-3C94ECB7-8F9-853,1535693356,2018-08-31,08-31 13,105
135,135,136,7,用户6388020393,2018-08-31 13:27:47,看来菲律宾还不老实啊,山东烟台,58.57.16.206,10,1535693267,8,jc,0,0,0,0,5B88D1D2-3A3910CE-17CC174A9-8F9-848,1535693267,2018-08-31,08-31 13,104
136,136,137,7,颂雪,2018-08-31 13:27:15,好呀，赶快把天鲲号开过去把半月礁给填了！顺便把“德尔毕拉尔”给埋了。,北京,61.51.211.206,34,1535693235,4,jc,0,0,0,0,5B88D1B2-3D33D3CE-56DC1515-8F9-956,1535693235,2018-08-31,08-31 13,103
137,137,138,7,亲亲璇珺,2018-08-31 13:26:17,故伎重演,北京海淀,124.205.149.170,4,1535693177,2,jc,0,0,0,0,5B88D178-7CCD95AA-475E7607-8F9-8A1,1535693177,2018-08-31,08-31 13,102
138,138,139,7,大师弟945,2018-08-31 13:26:13,又是坐滩！故技重演！小心,湖南,117.136.89.99,12,1535693173,1,jc,0,0,0,0,5B88D175-75885963-9E405816-8F9-836,1535693173,2018-08-31,08-31 13,101
139,139,140,7,太阳之子83930,2018-08-31 13:26:11,如果进入我领海范围，坚决没收罚款判刑驱除，按中国法律办事,广东深圳,14.155.88.98,28,1535693171,3,jc,0,0,0,0,5B88D172-E9B5862-13FD63E9B-8F9-8CA,1535693171,2018-08-31,08-31 13,100
140,140,141,8,井底野心,2018-08-31 13:24:30,菲是小角色，还是先收拾越南吧,四川成都,222.209.19.40,14,1535693069,0,jc,0,0,0,0,5B88D10D-DED11328-6BCF1CAB-8F9-9AC,1535693070,2018-08-31,08-31 13,99
141,141,142,8,不懂大师_,2018-08-31 13:23:29,历史又要重演了,江苏苏州,221.224.122.162,7,1535693009,1,jc,0,0,0,0,5B88D0D2-DDE07AA2-5605A87E-8F9-87B,1535693009,2018-08-31,08-31 13,98
142,142,143,8,岁入如梭,2018-08-31 13:23:27,从照片位置判断绝对不是故意 如果真要 故意应该是船头向前冲  才能 停稳 如果像图片中一样搁浅 一个小小的风暴  就会让他 下海,四川达州,171.212.45.92,64,1535693007,1,jc,0,0,0,0,5B88D0CF-ABD42D5C-9701B0B9-8F9-8BB,1535693007,2018-08-31,08-31 13,97
143,143,144,8,轻巡洋舰,2018-08-31 13:23:16,这艘他们可能舍不得,北京,223.72.78.134,9,1535692996,1,jc,0,0,0,0,5B88D0C4-DF484E86-56BA272E-8F9-90F,1535692996,2018-08-31,08-31 13,96
144,144,145,8,用户5839596289,2018-08-31 13:21:28,这分明是要故伎重演吧！尽快把他拖走[怒骂][怒骂][怒骂][怒骂],广西南宁,182.90.216.110,33,1535692888,2,jc,0,0,0,0,5B88D057-B65AD86E-15C112B01-8F9-868,1535692888,2018-08-31,08-31 13,95
145,145,146,8,韬光养肥蓝红白,2018-08-31 13:20:50,先要求赔偿，限时不赔就扣压，名正言顺拖走。,广东广州,117.136.32.86,21,1535692850,0,jc,0,0,0,0,5B88D02F-75882056-3BBE4AF3-8F9-8E3,1535692850,2018-08-31,08-31 13,94
146,146,147,8,用户6595187028,2018-08-31 13:20:21,这是否说明，我军方对半月瞧缺乏有效控制！,广东东莞,113.77.133.214,20,1535692821,9,jc,0,0,0,0,5B88D014-714D85D6-1891A9154-8F9-844,1535692821,2018-08-31,08-31 13,93
147,147,148,8,科幻世界ceibs,2018-08-31 13:18:32,丫是故意的吧。[怒],加拿大安大略,45.74.75.20,10,1535692712,20,jc,0,0,0,0,5B88CFA8-2D4A4B14-5918CC37-8F9-8D2,1535692712,2018-08-31,08-31 13,92
148,148,149,8,用户6592262586,2018-08-31 13:17:23,马上去脱离！这垃圾菲佣！,广西桂林,116.1.7.13,12,1535692643,13,jc,0,0,0,0,5B88CF62-7401070D-188EDF1BA-8F9-94A,1535692643,2018-08-31,08-31 13,91
149,149,150,8,业余杀手2010,2018-08-31 13:17:21,限期拉走，否则开火击毁,广西南宁,221.7.131.189,11,1535692641,12,jc,0,0,0,0,5B88CF61-DD0783BD-48E02C0E-8F9-859,1535692641,2018-08-31,08-31 13,90
150,150,151,8,林金克V,2018-08-31 13:16:57,又来碰瓷,广东深圳,223.73.5.204,4,1535692617,1,jc,0,0,0,0,5B88CF47-DF4905CC-537B1910-8F9-810,1535692617,2018-08-31,08-31 13,89
151,151,152,8,用户6473064405,2018-08-31 13:16:33,规定时间让他拖走，否则就直接炸掉，要有大国的魄力，懒得和他磨磨唧唧的！,广东深圳,119.123.63.8,35,1535692593,7,jc,0,0,0,0,5B88CF30-777B3F08-181D31FD5-8F9-89A,1535692593,2018-08-31,08-31 13,88
152,152,153,8,情归新泽希,2018-08-31 13:15:39,这次应该不会碰瓷了，毕竟是他们最牛逼的战舰，得回家撑门面呀，拖不回去那就交给我们炸碎了它。,北京,106.39.191.115,45,1535692539,1,jc,0,0,0,0,5B88CEFB-6A27BF73-87A7A463-8F9-816,1535692539,2018-08-31,08-31 13,87
153,153,154,8,舵爷不败,2018-08-31 13:15:18,故技重施,四川成都,211.162.220.40,4,1535692518,2,jc,0,0,0,0,5B88CEE5-D3A2DC28-189C5FE29-8F9-893,1535692518,2018-08-31,08-31 13,86
154,154,155,8,枫丹柏露校长,2018-08-31 13:15:01,又来了,辽宁大连,218.25.168.2,3,1535692501,1,jc,0,0,1,0,5B88CED4-DA19A802-A181A622-8F9-8A3,1535692501,2018-08-31,08-31 13,85
155,155,156,8,梵絷,2018-08-31 13:14:55,这艘是其最大军舰，不可能用来坐滩。我们该帮下拖走,福建泉州,110.84.115.225,24,1535692495,2,jc,0,0,0,0,5B88CED0-6E5473E1-144A8216D-8F9-870,1535692495,2018-08-31,08-31 13,84
156,156,157,8,老五锅粥,2018-08-31 13:14:19,既然是中国的领土领海，为啥不击沉。。,浙江杭州,220.191.106.129,18,1535692459,2,jc,0,0,0,0,5B88CEA9-DCBF6A81-62AB136D-8F9-97B,1535692459,2018-08-31,08-31 13,83
157,157,158,8,莲子大山,2018-08-31 13:14:08,又来了,甘肃兰州,27.227.241.21,3,1535692447,2,jc,0,0,0,0,5B88CEA0-1BE3F115-922EB4DD-8F9-8FE,1535692448,2018-08-31,08-31 13,82
158,158,159,8,未来螺旋,2018-08-31 13:13:24,出于人道主义。直接拖到很深的海面。沉到海底！,天津,223.104.227.57,22,1535692404,0,jc,0,0,0,0,5B88CE74-DF68E339-133AEF32D-8F9-83A,1535692404,2018-08-31,08-31 13,81
159,159,160,8,刀无形剑无影,2018-08-31 13:12:40,这是菲律宾惯用的方法以此来侵占地方，中国应提高警惕防止历史重演。,辽宁辽阳,120.200.223.192,32,1535692360,1,jc,0,0,0,0,5B88CE49-78C8DFC0-C3C42FEB-8F9-7D7,1535692360,2018-08-31,08-31 13,80
160,160,161,9,ccchin,2018-08-31 13:12:37,警惕菲律宾又搞搁浅占地！,福建福州,140.243.227.231,12,1535692357,1,jc,0,0,0,0,5B88CE45-8CF3E3E7-4F3CE635-8F9-8E8,1535692357,2018-08-31,08-31 13,79
161,161,162,9,魅力之苏州,2018-08-31 13:12:30,决不可能故技重演![拳头],江苏镇江,223.104.145.68,13,1535692350,0,jc,0,0,0,0,5B88CE3E-DF689144-7B0D53E9-8F9-919,1535692350,2018-08-31,08-31 13,78
162,162,163,9,WRLCD_112,2018-08-31 13:12:04,故技重施,四川成都,182.148.24.185,4,1535692324,1,jc,0,0,0,0,5B88CE24-B69418B9-D4AF8CC7-8F9-899,1535692324,2018-08-31,08-31 13,77
163,163,164,9,冰风_he,2018-08-31 13:09:48,又来碰瓷？,浙江杭州,115.204.230.107,5,1535692188,14,jc,0,0,0,0,5B88CD9C-73CCE66B-538AA429-8F9-871,1535692188,2018-08-31,08-31 13,76
164,164,165,9,刘毓民,2018-08-31 13:09:24,依本人看，这一次是真的触礁搁浅的。菲律宾不会故技重演，会想办法拖走搁浅军舰的。因为菲中目下双边关系发展顺利，菲不会借故损害中菲关系大局。,陕西西安,1.83.81.175,68,1535692163,9,jc,0,0,0,0,5B88CD84-15351AF-4A8AD295-8F9-815,1535692164,2018-08-31,08-31 13,75
165,165,166,9,努力吧sao年,2018-08-31 13:09:09,这种新闻就不要发了小事情想想那艘放多少年了还不是天天懒在哪,广东广州,14.215.161.122,29,1535692149,6,jc,0,0,0,0,5B88CD74-ED7A17A-154BDAC09-8F9-84B,1535692149,2018-08-31,08-31 13,74
166,166,167,9,张涛向上,2018-08-31 13:08:32,冲归国有,四川成都,117.136.63.151,4,1535692111,1,jc,0,0,0,0,5B88CD4F-75883F97-97E9D8A2-8F9-89B,1535692112,2018-08-31,08-31 13,73
167,167,168,9,用户6188955876,2018-08-31 13:08:27,又想赖着不走，没门,青海,111.44.231.36,9,1535692107,2,jc,0,0,0,0,5B88CD4B-6F2CE724-170E3F8E4-8F9-8F8,1535692107,2018-08-31,08-31 13,72
168,168,169,9,用户133****8889,2018-08-31 13:08:19,难道又不想走了,广东肇庆,119.125.217.188,7,1535692099,1,jc,0,0,2,0,5B88CD42-777DD9BC-5949D3D37816467D-8F9-8E5,1535692099,2018-08-31,08-31 13,71
169,169,170,9,张涛向上,2018-08-31 13:08:01,没收,四川成都,117.136.63.151,2,1535692081,0,jc,0,0,0,0,5B88CD31-75883F97-97E9D8A2-8F9-89B,1535692081,2018-08-31,08-31 13,70
170,170,171,9,低调de峰哥,2018-08-31 13:07:54,不按自己的航线往这个浅滩上开，不搁浅才怪。,广东深圳,14.155.157.208,21,1535692074,0,jc,0,0,0,0,5B88CD26-E9B9DD0-6A4A2A5C-8F9-8F1,1535692074,2018-08-31,08-31 13,69
171,171,172,9,Onlyuc,2018-08-31 13:07:21,@中国海军,河南郑州,106.34.35.32,5,1535692041,0,jc,0,0,1,0,5B88CD09-6A222320-51DC01C0-8F9-819,1535692041,2018-08-31,08-31 13,68
172,172,173,9,猪先锋,2018-08-31 13:06:46,帮他漏水！,上海,116.226.152.162,5,1535692006,0,jc,0,0,0,0,5B88CCE6-74E298A2-A8A89052-8F9-8C6,1535692006,2018-08-31,08-31 13,67
173,173,174,9,Onlyuc,2018-08-31 13:05:46,又来？,河南郑州,106.34.35.32,3,1535691946,5,jc,0,0,1,0,5B88CCAB-6A222320-51DC01C0-8F9-94A,1535691946,2018-08-31,08-31 13,66
174,174,175,9,超级美人总部,2018-08-31 13:04:58,这次成本有点大啊！把仅有的三艘助理舰的一艘拿出来玩这么老套的把戏。,上海,114.84.39.138,33,1535691898,0,jc,0,0,0,0,5B88CC7A-7254278A-147F2FABF-8F9-855,1535691898,2018-08-31,08-31 13,65
175,175,176,9,用户3892535487,2018-08-31 13:04:41,中国赶快把它拖走，夜长梦多。,重庆,222.178.38.129,14,1535691881,0,jc,0,0,0,0,5B88CC68-DEB22681-E80360BF-8F9-837,1535691881,2018-08-31,08-31 13,64
176,176,177,9,不如直接相忘于江湖,2018-08-31 13:04:26,直接击沉，少说废话！,广东深圳,14.116.141.76,10,1535691866,0,jc,0,0,0,0,5B88CC5A-E748D4C-E4A94B4D-8F9-8B4,1535691866,2018-08-31,08-31 13,63
177,177,178,9,股票用户629063,2018-08-31 13:04:05,又一次坐礁行动,重庆,117.59.39.15,7,1535691845,1,jc,0,0,0,0,5B88CC44-753B270F-3F0A2387-8F9-8BA,1535691845,2018-08-31,08-31 13,62
178,178,179,9,观者_,2018-08-31 13:03:03,限期脱离，否则中方给予清拖。,北京,223.104.3.180,14,1535691783,0,jc,0,0,0,0,5B88CC08-DF6803B4-A65AD41B-8F9-96C,1535691783,2018-08-31,08-31 13,61
179,179,180,9,春色铮铮,2018-08-31 13:02:49,坐滩，老杜这小子也要学阿鸡诺，不像，他不能那么蠢,黑龙江哈尔滨,1.58.90.14,24,1535691769,0,jc,0,0,0,0,5B88CBF9-13A5A0E-1625F2E81-8F9-A0C,1535691769,2018-08-31,08-31 13,60
180,180,181,10,frhrherherhr,2018-08-31 13:02:49,矮油，老调重弹...,湖北孝感,111.178.20.163,10,1535691769,0,jc,0,0,0,0,5B88CBF8-6FB214A3-13EF755CA-8F9-8CD,1535691769,2018-08-31,08-31 13,59
181,181,182,10,smart-兔子,2018-08-31 13:02:06,不赔钱别想走,上海,180.173.19.136,6,1535691726,0,jc,0,0,0,0,5B88CBCE-B4AD1388-6DCC73D7-8F9-8F3,1535691726,2018-08-31,08-31 13,58
182,182,183,10,伏牛探花,2018-08-31 13:01:27,故技重施……,广东深圳,112.97.63.180,6,1535691687,1,jc,0,0,0,0,5B88CBA4-70613FB4-6DCC4956-8F9-915,1535691687,2018-08-31,08-31 13,57
183,183,184,10,温情野马,2018-08-31 13:01:10,直接拉到钢铁厂,重庆,106.91.162.220,7,1535691670,0,jc,0,0,0,0,5B88CB96-6A5BA2DC-633EA11C-8F9-987,1535691670,2018-08-31,08-31 13,56
184,184,185,10,鱼淡风清,2018-08-31 13:00:19,我去，信不信连你上次那个一起拖走,北京,223.104.3.182,16,1535691619,0,jc,0,0,0,0,5B88CB63-DF6803B6-15F7159C5-8F9-864,1535691619,2018-08-31,08-31 13,55
185,185,186,10,明略历史,2018-08-31 12:59:45,碰瓷,香港,202.68.200.153,2,1535691585,21,jc,0,0,0,0,5B88CB3D-CA44C899-B7D7C85F-8F9-8A4,1535691585,2018-08-31,08-31 12,54
186,186,187,10,ajane98,2018-08-31 12:58:19,出现在那个位置，就是宣誓主权,福建福州,111.142.134.247,14,1535691499,22,jc,0,0,0,0,5B88CAEA-6F8E86F7-14ECF54F9-8F9-89B,1535691499,2018-08-31,08-31 12,53
187,187,188,10,股票配资一陈晨,2018-08-31 12:57:42,新炒股时代难题：当老妈和老婆被同一只股票套住了，先去给谁补仓？ ​​​​,广东深圳,113.91.32.54,36,1535691462,8,jc,0,0,0,0,5B88CAC7-715B2036-1584BBB6E-8F9-8EF,1535691462,2018-08-31,08-31 12,52
188,188,189,10,ninikakaba,2018-08-31 12:57:38,炸沉它！,广东深圳,183.14.76.3,4,1535691458,6,jc,0,0,0,0,5B88CAC2-B70E4C03-15C71EFDF-8F9-917,1535691458,2018-08-31,08-31 12,51
189,189,190,10,BGB286,2018-08-31 12:57:29,十天半个月不拖走的话，我们也得赶紧挑艘旧的051之类的给搁浅上去,上海,101.81.84.56,32,1535691449,7,jc,0,0,0,0,5B88CABA-65515438-15D116457-8F9-A1E,1535691449,2018-08-31,08-31 12,50
190,190,191,10,用户6081764521,2018-08-31 12:57:22,拖走……我国没有一寸多余的领地领海领空来放一艘破船,江苏无锡,223.104.145.220,25,1535691442,9,jc,0,0,0,0,5B88CAAF-DF6891DC-16A805CA9-8F9-945,1535691442,2018-08-31,08-31 12,49
191,191,192,10,用户tnwhx5c68q,2018-08-31 12:56:43,尽快想法清走，以免菲律宾估伎重演。,广东深圳,117.136.39.93,17,1535691403,8,jc,0,0,0,0,5B88CA8A-7588275D-EDCE8D6A-8F9-834,1535691403,2018-08-31,08-31 12,48
192,192,193,10,汉正能源,2018-08-31 12:56:41,重新演出，欢迎光临！,河南洛阳,61.54.59.79,10,1535691401,5,jc,0,0,0,0,5B88CA8A-3D363B4F-C3767BD3-8F9-8D1,1535691401,2018-08-31,08-31 12,47
193,193,194,10,本是老中医专治吹牛皮,2018-08-31 12:56:14,又来？啥毛病。,陕西西安,219.245.156.228,7,1535691374,10,jc,0,0,0,0,5B88CA6A-DBF59CE4-18D38F4D1-8F9-904,1535691374,2018-08-31,08-31 12,46
194,194,195,10,秀才不出门V,2018-08-31 12:55:10,又是搁浅，老套路了，只怕又是占一块地方。,广东广州,61.140.25.30,20,1535691310,12,jc,0,0,0,0,5B88CA2D-3D8C191E-DC2D5D25-8F9-8BA,1535691310,2018-08-31,08-31 12,45
195,195,196,10,宁静致远_12537,2018-08-31 12:55:00,坐滩的事情还没有解决了！！,天津,60.29.46.180,13,1535691300,10,jc,0,0,0,0,5B88CA25-3C1D2EB4-3C137C4A-8F9-8DA,1535691300,2018-08-31,08-31 12,44
196,196,197,10,用户wlgopd7llz,2018-08-31 12:53:57,炸了吧,山东,223.104.189.109,3,1535691237,1,jc,0,0,0,0,5B88C9E5-DF68BD6D-B43D2EC1-8F9-85C,1535691237,2018-08-31,08-31 12,43
197,197,198,10,念兮wl,2018-08-31 12:53:11,再见不怎么不发声明,浙江宁波,36.22.54.218,9,1535691191,0,jc,0,0,0,0,5B88C9B7-241636DA-150357808-8F9-87B,1535691191,2018-08-31,08-31 12,42
198,198,199,10,716－2632,2018-08-31 12:51:52,坐滩占礁，其实根本没有用的，一艘入侵的舰船而已，毫无意义。,山西太原,183.185.150.242,29,1535691112,1,jc,0,0,0,0,5B88C967-B7B996F2-56C2ACDA-8F9-83E,1535691112,2018-08-31,08-31 12,41
199,199,200,10,无量道场,2018-08-31 12:51:10,这可是菲的最大战舰，应该舍不得搁浅粘胶吧！,内蒙古呼和浩特,116.113.15.32,21,1535691070,7,jc,0,0,0,0,5B88C93E-74710F20-62639833-8F9-997,1535691070,2018-08-31,08-31 12,40
200,200,201,11,evaszb,2018-08-31 12:49:13,需要破冰船吗,天津,117.136.54.127,6,1535690953,6,jc,0,0,0,0,5B88C8CA-7588367F-411B3143-8F9-899,1535690953,2018-08-31,08-31 12,39
201,201,202,11,用户5615200843,2018-08-31 12:48:29,要是成心的，也不至于让自己最大的主力舰去坐滩吧，估计菲律宾海军就是这个能力,天津,123.150.183.213,37,1535690909,17,jc,0,0,0,0,5B88C89D-7B96B7D5-14EB12A4B-8F9-92B,1535690909,2018-08-31,08-31 12,38
202,202,203,11,ahngyt,2018-08-31 12:48:26,不会又来同样的一套吧,安徽宣城,60.173.86.150,10,1535690906,16,jc,0,0,0,0,5B88C89A-3CAD5696-491CA39C-8F9-93F,1535690906,2018-08-31,08-31 12,37
203,203,204,11,老夫的救赎,2018-08-31 12:48:18,这是历史重演吗？借机又占住不走了,江西景德镇,111.73.172.118,16,1535690898,12,jc,0,0,0,0,5B88C891-6F49AC76-17C013C1C-8F9-9B3,1535690898,2018-08-31,08-31 12,36
204,204,205,11,乐活山谷,2018-08-31 12:47:20,不用拖了，一枚小捣蛋就解决了[哈哈],辽宁大连,42.84.198.45,18,1535690840,6,jc,0,0,0,0,5B88C859-2A54C62D-5D3A65E5-8F9-8F4,1535690840,2018-08-31,08-31 12,35
205,205,206,11,Ross博尹,2018-08-31 12:45:17,拖船帮他拉回家！不要我们帮你炸了。,江西南昌,118.212.210.17,17,1535690717,6,jc,0,0,0,0,5B88C7DC-76D4D211-1846FB844-8F9-90E,1535690717,2018-08-31,08-31 12,34
206,206,207,11,胡言乱语_12630,2018-08-31 12:45:13,拖走，然后疏通填岛工作一起上，重点在于清理航道，消除危险，建设平安南海。,浙江宁波,113.214.209.112,36,1535690713,11,jc,0,0,0,0,5B88C7DA-71D6D170-13965ACC9-8F9-8B7,1535690713,2018-08-31,08-31 12,33
207,207,208,11,中华壹夫,2018-08-31 12:45:02,又来了，中国应将其拖走！！！,甘肃兰州,125.75.41.48,14,1535690702,5,jc,0,0,0,0,5B88C7CE-7D4B2930-6231229A-8F9-7AF,1535690702,2018-08-31,08-31 12,32
208,208,209,11,慈悲喜舍_33404,2018-08-31 12:43:48,自家的地方不需要用搁浅，直接驻军,山东烟台,182.42.97.154,16,1535690628,7,jc,0,0,0,0,5B88C784-B62A619A-BBAD0216-8F9-8C4,1535690628,2018-08-31,08-31 12,31
209,209,210,11,开心每一天比什么都好,2018-08-31 12:42:22,又来一次，坚决拖走，卖废铁,广东深圳,119.123.66.214,13,1535690542,4,jc,0,0,0,0,5B88C72C-777B42D6-163FAF99D-8F9-876,1535690542,2018-08-31,08-31 12,30
210,210,211,11,yuqin0511,2018-08-31 12:32:23,这么好的战舰拖还给它们可惜了，拉回来当靶舰吧,江苏镇江,223.68.64.244,22,1535689943,3,jc,0,0,0,0,5B88C4D6-DF4440F4-7293951F-8F9-A49,1535689943,2018-08-31,08-31 12,29
211,211,212,11,天苍苍股茫茫,2018-08-31 12:29:23,[酷]我们拖船开过去，不让拖走，我们也一起搁浅,福建福州,121.204.67.192,23,1535689763,32,jc,0,0,0,0,5B88C423-79CC43C0-171BEF447-8F9-8A7,1535689763,2018-08-31,08-31 12,28
212,212,213,11,夜跑2017,2018-08-31 12:27:17,先围观。假如菲律宾不要这艘破船了，就将废舰沉没填海、种岛。如果菲律宾提出来帮忙拖走，记得收费与给发票。,北京,49.7.6.219,51,1535689637,74,jc,0,0,0,0,5B88C3A4-310706DB-757F6CB9-8F9-8C3,1535689637,2018-08-31,08-31 12,27
213,213,214,11,用户136****5448,2018-08-31 12:25:51,不用拖出来了，坐滩占礁吧！,广东广州,121.8.210.46,13,1535689551,15,jc,0,0,2,0,5B88C34F-7908D22E-58E6590378C3F5E0-8F9-897,1535689551,2018-08-31,08-31 12,26
214,214,215,11,tony8024,2018-08-31 12:18:53,要么击沉  要么和美国开打,湖北武汉,61.183.172.40,13,1535689133,5,jc,0,0,0,0,5B88C1AC-3DB7AC28-50351B5D-8F9-8DE,1535689133,2018-08-31,08-31 12,25
215,215,216,11,用户6103757152,2018-08-31 12:16:17,帮他拉出去，快.主动点,北京,106.39.191.136,11,1535688977,5,jc,0,0,0,0,5B88C112-6A27BF88-16BCFF160-8F9-809,1535688977,2018-08-31,08-31 12,24
216,216,217,11,手机用户2898340311,2018-08-31 12:07:47,以后禁止菲任何船只靠近岛礁,北京,49.7.4.162,13,1535688467,5,jc,0,0,0,0,5B88BF13-310704A2-ACC129D7-8F9-87D,1535688467,2018-08-31,08-31 12,23
217,217,218,11,用户186****6161,2018-08-31 12:05:53,第二次，好！这是一次战略机遇,北京,114.245.182.234,14,1535688353,19,jc,0,0,2,0,5B88BEA1-72F5B6EA-59415E27CF878444-8F9-81E,1535688353,2018-08-31,08-31 12,22
218,218,219,11,zxpWeb,2018-08-31 12:04:20,赶紧拖走,福建,223.104.6.42,4,1535688259,3,jc,0,0,0,0,5B88BE43-DF68062A-53C65A2F-8F9-907,1535688260,2018-08-31,08-31 12,21
219,219,220,11,用户6301415641,2018-08-31 12:04:07,主动帮他拉走,广东深圳,219.133.46.129,6,1535688247,7,jc,0,0,0,0,5B88BE36-DB852E81-17797F8D9-8F9-984,1535688247,2018-08-31,08-31 12,20
220,220,221,12,时空流客,2018-08-31 11:59:20,又来这手，拖船拖走！船员接到军舰上。,黑龙江哈尔滨,113.6.237.2,18,1535687960,14,jc,0,0,0,0,5B88BD18-7106ED02-838FDF5D-8F9-887,1535687960,2018-08-31,08-31 11,19
221,221,222,12,用户mca1hcu0vt,2018-08-31 11:57:32,又是同一个套路？,北京,117.136.0.199,8,1535687852,13,jc,0,0,0,0,5B88BCAD-758800C7-12B3AD576-8F9-95D,1535687852,2018-08-31,08-31 11,18
222,222,223,12,就爱较真,2018-08-31 11:50:20,又来这招？,四川成都,171.210.66.132,5,1535687420,10,jc,0,0,0,0,5B88BAFB-ABD24284-6D99BC02-8F9-8C5,1535687420,2018-08-31,08-31 11,17
223,223,224,12,用户6498487526,2018-08-31 11:47:19,好主意,四川自贡,171.94.224.29,3,1535687239,0,jc,0,0,0,0,5B88BA46-AB5EE01D-183570CE6-8F9-8AF,1535687239,2018-08-31,08-31 11,16
224,224,225,12,用户6498487526,2018-08-31 11:47:04,我们赶紧派拖船去帮助他们   拖船费好商量,四川自贡,171.94.224.29,21,1535687224,9,jc,0,0,0,0,5B88BA37-AB5EE01D-183570CE6-8F9-872,1535687224,2018-08-31,08-31 11,15
225,225,226,12,中华神盾驱逐舰,2018-08-31 11:45:59,菲律宾真舍得啊，坐滩都派海军最大的军舰了，中国要不拖走是不是太对不起人家了。,北京,111.198.117.169,38,1535687159,19,jc,0,0,1,0,5B88B9F7-6FC675A9-7D893785-8F9-847,1535687159,2018-08-31,08-31 11,14
226,226,227,12,用户5935186766,2018-08-31 11:42:02,不老实撤走就炸沉它。,北京,49.7.4.189,10,1535686922,10,jc,0,0,0,0,5B88B90A-310704BD-161C3C34E-8F9-959,1535686922,2018-08-31,08-31 11,13
227,227,228,12,堂主888,2018-08-31 11:40:50,直接炸沉，,北京,223.104.3.42,5,1535686850,11,jc,0,0,0,0,5B88B8C1-DF68032A-6A959AA1-8F9-777,1535686850,2018-08-31,08-31 11,12
228,228,229,12,沼泽地1218,2018-08-31 11:38:02,中国有的是旧船，弄上几十艘挨个岛礁搁浅。,安徽合肥,60.166.38.219,20,1535686682,25,jc,0,0,0,0,5B88B81A-3CA626DB-4BF9873F-8F9-785,1535686682,2018-08-31,08-31 11,11
229,229,230,12,嗨喽201708,2018-08-31 11:27:58,又来碰瓷啊，是不是有想做滩不走了，真是那样我当破烂给收了,辽宁大连,119.112.23.69,28,1535686078,49,jc,0,0,1,0,5B88B5BF-77701745-1796A91F7-8F9-80C,1535686078,2018-08-31,08-31 11,10
230,230,231,12,水滴1645419581,2018-08-31 11:22:37,拖走并立即造岛，永绝后患！,广东,117.136.79.229,13,1535685756,59,jc,0,0,0,0,5B88B47C-75884FE5-62131C3D-8F9-833,1535685757,2018-08-31,08-31 11,9
231,231,232,12,于是111,2018-08-31 11:21:56,又准备故技重演,湖南长沙,113.246.16.230,7,1535685716,17,jc,0,0,1,0,5B88B454-71F610E6-147361147-8F9-8BF,1535685716,2018-08-31,08-31 11,8
232,232,233,12,用户152****4727,2018-08-31 11:20:07,应该帮菲律宾救援，防止再来一次“坐滩”,山东,223.104.189.5,19,1535685607,45,jc,0,0,2,0,5B88B3E8-DF68BD05-590C0A578FCE0373-8F9-80A,1535685607,2018-08-31,08-31 11,7
233,233,234,12,行进中的蚁族,2018-08-31 11:17:14,又来这一套,湖北武汉,223.104.20.136,5,1535685433,1669,jc,0,0,1,0,5B88B33A-DF681488-6BD1636E-8F9-7E6,1535685434,2018-08-31,08-31 11,6
234,234,235,12,用户139****2089,2018-08-31 11:16:59,又想坐滩?,广东,223.104.63.119,5,1535685419,116,jc,0,0,2,0,5B88B32A-DF683F77-593AB5669B800A39-8F9-9B5,1535685419,2018-08-31,08-31 11,5
235,235,236,12,楚留香,2018-08-31 11:16:00,故技重演,上海,101.87.28.33,4,1535685360,1011,jc,0,0,2,0,5B88B2EF-65571C21-591FFF894782B5BF-8F9-8DA,1535685360,2018-08-31,08-31 11,4
236,236,237,12,股票用户875795,2018-08-31 11:14:57,手法老到，又来一下。,福建厦门,222.76.149.59,10,1535685297,15,jc,0,0,0,0,5B88B2B0-DE4C953B-550C6593-8F9-8C9,1535685297,2018-08-31,08-31 11,3
237,237,238,12,三七活血散,2018-08-31 11:14:27,又想故计重施,广西,117.136.97.76,6,1535685267,8,jc,0,0,0,0,5B88B292-7588614C-A546B6F5-8F9-890,1535685267,2018-08-31,08-31 11,2
238,238,239,12,水月_83770,2018-08-31 11:13:22,又玩这招？,广西南宁,106.127.22.11,5,1535685202,8,jc,0,0,0,0,5B88B252-6A7F160B-5DF707BE-8F9-8CF,1535685202,2018-08-31,08-31 11,1
239,239,240,12,再见skycat,2018-08-31 11:13:09,这次动作有点大啊！舍得用巡逻舰搁浅来占据半月礁。要引起我们足够的重视，派个拖船去把搁浅的巡逻舰拖走，提供拖曳服务是要收费的。,四川攀枝花,221.236.79.232,62,1535685189,23,jc,0,0,0,0,5B88B245-DDEC4FE8-13F8431F1-8F9-91E,1535685189,2018-08-31,08-31 11,0
